{
    "foods":[
        {
            "burger":[
                {
                    "id":1,
                    "image":"./src/assets/item_01-480x480 1.png",
                    "star-Img":"./src/assets/Star.png",
                    "description":"Cheeseburger With Salad",
                    "price":18.00
                },
                {
                    "id":1,
                    "image":"./src/assets/item_01-480x480 1.png",
                    "star-Img":"./src/assets/Star.png",
                    "description":"Cheeseburger With Salad",
                    "price":18.00
                },
                {
                    "id":1,
                    "image":"./src/assets/item_01-480x480 1.png",
                    "star-Img":"./src/assets/Star.png",
                    "description":"Cheeseburger With Salad",
                    "price":18.00
                },
                {
                    "id":1,
                    "image":"./src/assets/item_01-480x480 1.png",
                    "star-Img":"./src/assets/Star.png",
                    "description":"Cheeseburger With Salad",
                    "price":18.00
                },
                {
                    "id":1,
                    "image":"./src/assets/item_01-480x480 1.png",
                    "starImg":"./src/assets/Star.png",
                    "description":"Cheeseburger With Salad",
                    "price":18.00
                }
            ]
        },
        {},
        {},
        {},
        {}
    ]
}